query_id	prompt
time_35094236_0	"For a patient who presents with Salt-wasting.
We can find some patients with similar phenotypes, such as:
A patient presents with Salt-wasting crisis. This patient has a mutation in <|PhenoGemini-Special-Token-Entrez-ID-190|>.
A patient presents with Proteinuria. This patient has a mutation in <|PhenoGemini-Special-Token-Entrez-ID-2243|>.
A patient presents with Watery diarrhea, Dehydration, Carbohydrate malabsorption, Galactose malabsorption, Abnormality of small intestine morphology, Abnormality of enterocyte morphology. This patient has a mutation in <|PhenoGemini-Special-Token-Entrez-ID-6523|>.
A patient presents with Poor feeding, Failure to thrive, Dehydration. This patient has a mutation in <|PhenoGemini-Special-Token-Entrez-ID-190|>.
A patient presents with Malaise, Shock. This patient has a mutation in <|PhenoGemini-Special-Token-Entrez-ID-190|>.
Based on all the information above, and my own general knowledge, this patient is likely to have a mutation in"
time_35094236_1	"For a patient who presents with Salt-wasting.
We can find some patients with similar phenotypes, such as:
A patient presents with Salt-wasting crisis. This patient has a mutation in <|PhenoGemini-Special-Token-Entrez-ID-190|>.
A patient presents with Proteinuria. This patient has a mutation in <|PhenoGemini-Special-Token-Entrez-ID-2243|>.
A patient presents with Watery diarrhea, Dehydration, Carbohydrate malabsorption, Galactose malabsorption, Abnormality of small intestine morphology, Abnormality of enterocyte morphology. This patient has a mutation in <|PhenoGemini-Special-Token-Entrez-ID-6523|>.
A patient presents with Poor feeding, Failure to thrive, Dehydration. This patient has a mutation in <|PhenoGemini-Special-Token-Entrez-ID-190|>.
A patient presents with Malaise, Shock. This patient has a mutation in <|PhenoGemini-Special-Token-Entrez-ID-190|>.
Based on all the information above, and my own general knowledge, this patient is likely to have a mutation in"
time_35094236_2	"For a patient who presents with Salt-wasting.
We can find some patients with similar phenotypes, such as:
A patient presents with Salt-wasting crisis. This patient has a mutation in <|PhenoGemini-Special-Token-Entrez-ID-190|>.
A patient presents with Proteinuria. This patient has a mutation in <|PhenoGemini-Special-Token-Entrez-ID-2243|>.
A patient presents with Watery diarrhea, Dehydration, Carbohydrate malabsorption, Galactose malabsorption, Abnormality of small intestine morphology, Abnormality of enterocyte morphology. This patient has a mutation in <|PhenoGemini-Special-Token-Entrez-ID-6523|>.
A patient presents with Poor feeding, Failure to thrive, Dehydration. This patient has a mutation in <|PhenoGemini-Special-Token-Entrez-ID-190|>.
A patient presents with Malaise, Shock. This patient has a mutation in <|PhenoGemini-Special-Token-Entrez-ID-190|>.
Based on all the information above, and my own general knowledge, this patient is likely to have a mutation in"
time_35094236_3	"For a patient who presents with Salt-wasting.
We can find some patients with similar phenotypes, such as:
A patient presents with Salt-wasting crisis. This patient has a mutation in <|PhenoGemini-Special-Token-Entrez-ID-190|>.
A patient presents with Proteinuria. This patient has a mutation in <|PhenoGemini-Special-Token-Entrez-ID-2243|>.
A patient presents with Watery diarrhea, Dehydration, Carbohydrate malabsorption, Galactose malabsorption, Abnormality of small intestine morphology, Abnormality of enterocyte morphology. This patient has a mutation in <|PhenoGemini-Special-Token-Entrez-ID-6523|>.
A patient presents with Poor feeding, Failure to thrive, Dehydration. This patient has a mutation in <|PhenoGemini-Special-Token-Entrez-ID-190|>.
A patient presents with Malaise, Shock. This patient has a mutation in <|PhenoGemini-Special-Token-Entrez-ID-190|>.
Based on all the information above, and my own general knowledge, this patient is likely to have a mutation in"
time_35094236_4	"For a patient who presents with Salt-wasting.
We can find some patients with similar phenotypes, such as:
A patient presents with Salt-wasting crisis. This patient has a mutation in <|PhenoGemini-Special-Token-Entrez-ID-190|>.
A patient presents with Proteinuria. This patient has a mutation in <|PhenoGemini-Special-Token-Entrez-ID-2243|>.
A patient presents with Watery diarrhea, Dehydration, Carbohydrate malabsorption, Galactose malabsorption, Abnormality of small intestine morphology, Abnormality of enterocyte morphology. This patient has a mutation in <|PhenoGemini-Special-Token-Entrez-ID-6523|>.
A patient presents with Poor feeding, Failure to thrive, Dehydration. This patient has a mutation in <|PhenoGemini-Special-Token-Entrez-ID-190|>.
A patient presents with Malaise, Shock. This patient has a mutation in <|PhenoGemini-Special-Token-Entrez-ID-190|>.
Based on all the information above, and my own general knowledge, this patient is likely to have a mutation in"
